Match,Date,Versus,Ground,How Dismissed,Runs,B/F,S/R,Aggr,Avg,S/R
1,03-04-1996,Sri Lanka,Padang Cricket Ground,c †R S Kaluwitharana b M Muralitharan,3,4,75,3,3,75
2,05-04-1996,Pakistan,Padang Cricket Ground,run out,4,7,57.14,7,3.5,63.64
3,12-04-1996,Pakistan,Sharjah Cricket Stadium,c †Rashid Latif b Mushtaq Ahmed,3,5,60,10,3.33,62.5
4,14-04-1996,South Africa,Sharjah Cricket Stadium,c J N Rhodes b S M Pollock,11,21,52.38,21,5.25,56.76
5,26-05-1996,England,Old Trafford,not out,22*,15,146.67,43,10.75,82.69
6,28-08-1996,Sri Lanka,R Premadasa Stadium,not out,7*,4,175,50,12.5,89.29
7,01-09-1996,Zimbabwe,Sinhalese Sports Club Ground,did not bat,-,-,-,50,12.5,89.29
8,06-09-1996,Australia,Sinhalese Sports Club Ground,b P R Reiffel,13,25,52,63,12.6,77.78
9,16-09-1996,Pakistan,"Cricket, Skating & Curling Club",c Aamir Sohail b Saleem Malik,39,50,78,102,17,77.86
10,17-09-1996,Pakistan,"Cricket, Skating & Curling Club",b Saqlain Mushtaq,90,114,78.95,192,27.43,78.37
11,18-09-1996,Pakistan,"Cricket, Skating & Curling Club",c Saleem Elahi b Saqlain Mushtaq,46,93,49.46,238,29.75,70.41
12,21-09-1996,Pakistan,"Cricket, Skating & Curling Club",c †Moin Khan b Saqlain Mushtaq,25,25,100,263,29.22,72.45
13,23-09-1996,Pakistan,"Cricket, Skating & Curling Club",c sub b Mushtaq Ahmed,20,39,51.28,283,28.3,70.4
14,17-10-1996,South Africa,Lal Bahadur Shastri Stadium,c J N Rhodes b D N Crookes,62,87,71.26,345,31.36,70.55
15,21-10-1996,Australia,M Chinnaswamy Stadium,lbw b D W Fleming,6,13,46.15,351,29.25,69.92
16,23-10-1996,South Africa,Sawai Mansingh Stadium,c †D J Richardson b B M McMillan,0,1,0,351,27,69.78
17,29-10-1996,South Africa,Madhavrao Scindia Cricket Ground,run out,21,40,52.5,372,26.57,68.51
18,03-11-1996,Australia,Punjab Cricket Association IS Bindra Stadium,c M A Taylor b S G Law,56,67,83.58,428,28.53,70.16
19,06-11-1996,South Africa,Wankhede Stadium,b P S De Villiers,31,41,75.61,459,28.69,70.51
20,14-12-1996,South Africa,Wankhede Stadium,run out,16,32,50,475,27.94,69.55
21,23-01-1997,South Africa,Mangaung Oval,b P L Symcox,8,22,36.36,483,26.83,68.51
22,27-01-1997,Zimbabwe,Boland Park,run out,23,43,53.49,506,26.63,67.65
23,02-02-1997,South Africa,St George's Park,c W J Cronje b A A Donald,50,104,48.08,556,27.8,65.26
24,04-02-1997,South Africa,Buffalo Park,run out,53,71,74.65,609,29,65.98
25,07-02-1997,Zimbabwe,SuperSport Park,c †A Flower b J A Rennie,12,30,40,621,28.23,65.16
26,09-02-1997,Zimbabwe,Willowmoore Park,b G J Whittall,17,27,62.96,638,27.74,65.1
27,12-02-1997,South Africa,Kingsmead,c G Kirsten b W J Cronje,33,70,47.14,671,27.96,63.9
28,13-02-1997,South Africa,Kingsmead,c G Kirsten b L Klusener,84,94,89.36,755,30.2,66
29,26-04-1997,West Indies,Queen's Park Oval,c C L Hooper b F A Rose,17,44,38.64,772,29.69,64.98
30,27-04-1997,West Indies,Queen's Park Oval,did not bat,-,-,-,772,29.69,64.98
31,30-04-1997,West Indies,Arnos Vale Ground,b O D Gibson,74,105,70.48,846,31.33,65.43
32,03-05-1997,West Indies,Kensington Oval,c S Chanderpaul b F A Rose,30,61,49.18,876,31.29,64.7
33,14-05-1997,New Zealand,M Chinnaswamy Stadium,not out,21*,31,67.74,897,32.04,64.77
34,17-05-1997,Sri Lanka,Wankhede Stadium,b M Muralitharan,61,103,59.22,958,33.03,64.38
35,21-05-1997,Pakistan,MA Chidambaram Stadium,c Shahid Afridi b Aaqib Javed,107,116,92.24,1065,35.5,66.4
36,18-07-1997,Sri Lanka,R Premadasa Stadium,b S T Jayasuriya,69,102,67.65,1134,36.58,66.47
37,20-07-1997,Pakistan,Sinhalese Sports Club Ground,did not bat,-,-,-,1134,36.58,66.47
38,24-07-1997,Bangladesh,Sinhalese Sports Club Ground,did not bat,-,-,-,1134,36.58,66.47
39,26-07-1997,Sri Lanka,R Premadasa Stadium,c R S Mahanama b W P U J C Vaas,7,12,58.33,1141,35.66,66.41
40,17-08-1997,Sri Lanka,R Premadasa Stadium,run out,1,1,100,1142,34.61,66.43
41,20-08-1997,Sri Lanka,R Premadasa Stadium,c †S K L de Silva b S T Jayasuriya,18,35,51.43,1160,34.12,66.13
42,23-08-1997,Sri Lanka,Sinhalese Sports Club Ground,c R S Kalpage b P A de Silva,78,79,98.73,1238,35.37,67.54
43,24-08-1997,Sri Lanka,Sinhalese Sports Club Ground,c U D U Chandana b S T Jayasuriya,42,68,61.76,1280,35.56,67.33
44,13-09-1997,Pakistan,"Cricket, Skating & Curling Club",c Ijaz Ahmed b Shahid Afridi,23,41,56.1,1303,35.22,67.1
45,14-09-1997,Pakistan,"Cricket, Skating & Curling Club",run out,14,25,56,1317,34.66,66.95
46,17-09-1997,Pakistan,"Cricket, Skating & Curling Club",did not bat,-,-,-,1317,34.66,66.95
47,18-09-1997,Pakistan,"Cricket, Skating & Curling Club",c Saeed Anwar b Saleem Malik,25,79,31.65,1342,34.41,65.59
48,20-09-1997,Pakistan,"Cricket, Skating & Curling Club",did not bat,-,-,-,1342,34.41,65.59
49,21-09-1997,Pakistan,"Cricket, Skating & Curling Club",not out,3*,4,75,1345,34.49,65.61
50,28-09-1997,Pakistan,Niaz Stadium,b Aaqib Javed,50,81,61.73,1395,34.88,65.46
51,16-12-1997,West Indies,Sharjah Cricket Stadium,b C L Hooper,31,45,68.89,1426,34.78,65.53
52,14-05-1998,Bangladesh,Punjab Cricket Association IS Bindra Stadium,c & b Athar Ali Khan,5,22,22.73,1431,34.07,65.1
53,20-05-1998,Kenya,M Chinnaswamy Stadium,b A Y A Karim,49,62,79.03,1480,34.42,65.49
54,25-05-1998,Bangladesh,Wankhede Stadium,b Mohammad Rafique,1,21,4.76,1481,33.66,64.93
55,28-05-1998,Kenya,Captain Roop Singh Stadium,c A V Vadher b S O Tikolo,33,53,62.26,1514,33.64,64.87
56,12-09-1998,Pakistan,"Cricket, Skating & Curling Club",c †Moin Khan b Abdul Razzaq,4,10,40,1518,33,64.76
57,13-09-1998,Pakistan,"Cricket, Skating & Curling Club",c & b Abdul Razzaq,18,30,60,1536,32.68,64.7
58,16-09-1998,Pakistan,"Cricket, Skating & Curling Club",b Mohammad Zahid,9,30,30,1545,32.19,64.27
59,19-09-1998,Pakistan,"Cricket, Skating & Curling Club",run out,1,1,100,1546,31.55,64.28
60,26-09-1998,Zimbabwe,Queens Sports Club,c A D R Campbell b G B Brent,64,98,65.31,1610,32.2,64.32
61,27-09-1998,Zimbabwe,Queens Sports Club,did not bat,-,-,-,1610,32.2,64.32
62,30-09-1998,Zimbabwe,Harare Sports Club,c H H Streak b A R Whittall,28,42,66.67,1638,32.12,64.36
63,28-10-1998,Australia,Bangabandhu National Stadium,run out,48,80,60,1686,32.42,64.23
64,31-10-1998,West Indies,Bangabandhu National Stadium,c S C Williams b C L Hooper,20,54,37.04,1706,32.19,63.68
65,11-11-1998,Zimbabwe,Sharjah Cricket Stadium,c N C Johnson b H K Olonga,3,13,23.08,1709,31.65,63.48
66,09-01-1999,New Zealand,Owen Delany Park,not out,123*,123,100,1832,33.93,65.08
67,12-01-1999,New Zealand,McLean Park,c †A C Parore b D L Vettori,38,65,58.46,1870,34,64.93
68,14-01-1999,New Zealand,Basin Reserve,c R G Twose b G R Larsen,68,71,95.77,1938,34.61,65.67
69,16-01-1999,New Zealand,Eden Park,b C L Cairns,51,71,71.83,1989,34.89,65.82
70,19-01-1999,New Zealand,AMI Stadium,c C Z Harris b D L Vettori,29,35,82.86,2018,34.79,66.01
71,22-03-1999,Sri Lanka,Vidarbha Cricket Association Ground,c J W H Boteju b W P U J C Vaas,116,118,98.31,2134,36.17,67.21
72,24-03-1999,Pakistan,Sawai Mansingh Stadium,b Shoaib Akhtar,3,9,33.33,2137,35.62,67.12
73,30-03-1999,Sri Lanka,Nehru Stadium (Pune),c A Ranatunga b K E A Upashantha,17,15,113.33,2154,35.31,67.33
74,01-04-1999,Pakistan,Punjab Cricket Association IS Bindra Stadium,c Shahid Afridi b Shoaib Akhtar,0,3,0,2154,34.74,67.27
75,04-04-1999,Pakistan,M Chinnaswamy Stadium,lbw b Azhar Mahmood,25,37,67.57,2179,34.59,67.27
76,08-04-1999,Pakistan,Sharjah Cricket Stadium,c Ijaz Ahmed b Shahid Afridi,28,79,35.44,2207,34.48,66.52
77,09-04-1999,England,Sharjah Cricket Stadium,c & b G A Hick,16,38,42.11,2223,34.2,66.24
78,11-04-1999,England,Sharjah Cricket Stadium,run out,63,92,68.48,2286,34.64,66.3
79,13-04-1999,Pakistan,Sharjah Cricket Stadium,run out,81,121,66.94,2367,35.33,66.32
80,16-04-1999,Pakistan,Sharjah Cricket Stadium,lbw b Wasim Akram,0,1,0,2367,34.81,66.3
81,15-05-1999,South Africa,County Ground (Hove),b L Klusener,54,75,72,2421,35.09,66.42
82,19-05-1999,Zimbabwe,Grace Road,c G W Flower b H H Streak,13,14,92.86,2434,34.77,66.52
83,23-05-1999,Kenya,County Ground (Bristol),not out,104*,109,95.41,2538,36.26,67.36
84,26-05-1999,Sri Lanka,The Cooper Associates County Ground,run out,145,129,112.4,2683,37.79,68.85
85,29-05-1999,England,Edgbaston,c M A Ealham b A Flintoff,53,82,64.63,2736,38,68.76
86,04-06-1999,Australia,Kennington Oval,c †A C Gilchrist b G D McGrath,2,6,33.33,2738,37.51,68.71
87,08-06-1999,Pakistan,Old Trafford,c Shahid Afridi b Wasim Akram,61,89,68.54,2799,37.82,68.7
88,12-06-1999,New Zealand,Trent Bridge,c S P Fleming b C L Cairns,29,35,82.86,2828,37.71,68.82
89,23-08-1999,Australia,Galle International Stadium,c †A C Gilchrist b A Symonds,5,11,45.45,2833,37.28,68.76
90,25-08-1999,Sri Lanka,R Premadasa Stadium,c †R S Kaluwitharana b W P U J C Vaas,22,26,84.62,2855,37.08,68.86
91,28-08-1999,Australia,Sinhalese Sports Club Ground,c †A C Gilchrist b J N Gillespie,0,2,0,2855,36.6,68.83
92,29-08-1999,Sri Lanka,Sinhalese Sports Club Ground,c †R S Kaluwitharana b U D U Chandana,13,39,33.33,2868,36.3,68.5
93,04-09-1999,Zimbabwe,Kallang Ground,c N C Johnson b A M Blignaut,12,15,80,2880,36,68.54
94,05-09-1999,West Indies,Kallang Ground,c H R Bryan b N A M McLean,39,49,79.59,2919,36.04,68.67
95,07-09-1999,West Indies,Kallang Ground,c S L Campbell b R D King,29,58,50,2948,35.95,68.41
96,08-09-1999,West Indies,Kallang Ground,not out,103*,124,83.06,3051,37.21,68.82
97,11-09-1999,West Indies,"Cricket, Skating & Curling Club",c †R D Jacobs b C A Walsh,5,14,35.71,3056,36.82,68.72
98,12-09-1999,West Indies,"Cricket, Skating & Curling Club",lbw b M V Dillon,16,59,27.12,3072,36.57,68.18
99,14-09-1999,West Indies,"Cricket, Skating & Curling Club",b M V Dillon,77,87,88.51,3149,37.05,68.56
100,26-09-1999,South Africa,Gymkhana Club Ground,not out,9*,19,47.37,3158,37.15,68.47
101,29-09-1999,Kenya,Gymkhana Club Ground,c A V Vadher b M O Odumbe,30,56,53.57,3188,37.07,68.29
102,01-10-1999,Zimbabwe,Gymkhana Club Ground,lbw b M W Goodwin,12,15,80,3200,36.78,68.33
103,03-10-1999,South Africa,Gymkhana Club Ground,c J N Rhodes b D N Crookes,30,65,46.15,3230,36.7,68.03
104,05-11-1999,New Zealand,Madhavrao Scindia Cricket Ground,lbw b N J Astle,39,43,90.7,3269,36.73,68.23
105,08-11-1999,New Zealand,Lal Bahadur Shastri Stadium,c S P Fleming b C L Cairns,153,153,100,3422,38.02,69.22
106,11-11-1999,New Zealand,Captain Roop Singh Stadium,c sub b A R Tait,14,31,45.16,3436,37.76,69.07
107,14-11-1999,New Zealand,Nehru Stadium (Guwahati),c †A C Parore b C L Cairns,5,7,71.43,3441,37.4,69.07
108,17-11-1999,New Zealand,Feroz Shah Kotla,not out,29*,53,54.72,3470,37.72,68.92
109,10-01-2000,Pakistan,Brisbane Cricket Ground,c †Moin Khan b Shoaib Akhtar,8,18,44.44,3478,37.4,68.83
110,12-01-2000,Australia,Melbourne Cricket Ground,c D R Martyn b S Lee,60,85,70.59,3538,37.64,68.86
111,14-01-2000,Australia,Sydney Cricket Ground,lbw b A Symonds,22,70,31.43,3560,37.47,68.36
112,21-01-2000,Pakistan,Bellerive Oval,lbw b Wasim Akram,15,31,48.39,3575,37.24,68.24
113,25-01-2000,Pakistan,Adelaide Oval,c Inzamam-ul-Haq b Shahid Afridi,32,58,55.17,3607,37.19,68.1
114,26-01-2000,Australia,Adelaide Oval,c †A C Gilchrist b S Lee,63,82,76.83,3670,37.45,68.23
115,28-01-2000,Pakistan,WACA Ground,c †Moin Khan b Wasim Akram,3,14,21.43,3673,37.1,68.11
116,30-01-2000,Australia,WACA Ground,c M E Waugh b S Lee,65,106,61.32,3738,37.38,67.98
117,09-03-2000,South Africa,Nehru Stadium (Kochi),c H S Williams b W J Cronje,17,21,80.95,3755,37.18,68.03
118,12-03-2000,South Africa,Keenan Stadium,c H H Gibbs b N Boje,36,59,61.02,3791,37.17,67.95
119,15-03-2000,South Africa,Nahar Singh Stadium,run out,73,109,66.97,3864,37.51,67.93
120,17-03-2000,South Africa,Reliance Stadium,c W J Cronje b N Boje,3,10,30,3867,37.18,67.87
121,19-03-2000,South Africa,Vidarbha Cricket Association Ground,run out,79,70,112.86,3946,37.58,68.41
122,22-03-2000,South Africa,Sharjah Cricket Stadium,b J H Kallis,8,25,32,3954,37.3,68.25
123,23-03-2000,Pakistan,Sharjah Cricket Stadium,c sub b Abdul Razzaq,26,70,37.14,3980,37.2,67.88
124,26-03-2000,Pakistan,Sharjah Cricket Stadium,c †Moin Khan b Shoaib Akhtar,29,46,63.04,4009,37.12,67.85
125,27-03-2000,South Africa,Sharjah Cricket Stadium,c N D McKenzie b L Klusener,26,60,43.33,4035,37.02,67.6
126,30-05-2000,Bangladesh,Bangabandhu National Stadium,did not bat,-,-,-,4035,37.02,67.6
127,01-06-2000,Sri Lanka,Bangabandhu National Stadium,c & b M Muralitharan,24,44,54.55,4059,36.9,67.5
128,03-06-2000,Pakistan,Bangabandhu National Stadium,lbw b Abdul Razzaq,26,32,81.25,4085,36.8,67.58
129,03-10-2000,Kenya,Gymkhana Club Ground,not out,68*,87,78.16,4153,37.41,67.73
130,07-10-2000,Australia,Gymkhana Club Ground,c S Lee b J N Gillespie,9,18,50,4162,37.16,67.67
131,13-10-2000,South Africa,Gymkhana Club Ground,c †M V Boucher b L Klusener,58,71,81.69,4220,37.35,67.83
132,15-10-2000,New Zealand,Gymkhana Club Ground,run out,22,35,62.86,4242,37.21,67.81
133,20-10-2000,Sri Lanka,Sharjah Cricket Stadium,run out,16,21,76.19,4258,37.03,67.83
134,22-10-2000,Zimbabwe,Sharjah Cricket Stadium,c G W Flower b D P Viljoen,85,121,70.25,4343,37.44,67.88
135,02-12-2000,Zimbabwe,Barabati Stadium,run out,9,16,56.25,4352,37.2,67.85
136,05-12-2000,Zimbabwe,Sardar Patel Stadium,run out,62,88,70.45,4414,37.41,67.89
137,08-12-2000,Zimbabwe,Barkatullah Khan Stadium,c G J Rennie b G W Flower,30,53,56.6,4444,37.34,67.8
138,11-12-2000,Zimbabwe,Green Park,did not bat,-,-,-,4444,37.34,67.8
139,14-12-2000,Zimbabwe,Madhavrao Scindia Cricket Ground,c H H Streak b B C Strang,6,16,37.5,4450,37.08,67.72
140,25-03-2001,Australia,M Chinnaswamy Stadium,c I J Harvey b D R Martyn,80,84,95.24,4530,37.44,68.07
141,28-03-2001,Australia,Nehru Stadium (Pune),run out,13,23,56.52,4543,37.24,68.03
142,31-03-2001,Australia,Nehru Stadium (Indore),c †A C Gilchrist b D W Fleming,15,34,44.12,4558,37.06,67.91
143,03-04-2001,Australia,Indira Priyadarshini Stadium,c & b S K Warne,7,10,70,4565,36.81,67.91
144,06-04-2001,Australia,Nehru Stadium (Margao),c S R Waugh b A Symonds,31,45,68.89,4596,36.77,67.92
145,24-06-2001,Zimbabwe,Harare Sports Club,did not bat,-,-,-,4596,36.77,67.92
146,27-06-2001,Zimbabwe,Queens Sports Club,not out,72*,64,112.5,4668,37.34,68.34
147,30-06-2001,West Indies,Queens Sports Club,st R D Jacobs b M V Nagamootoo,4,5,80,4672,37.08,68.34
148,04-07-2001,West Indies,Harare Sports Club,b C H Gayle,15,18,83.33,4687,36.91,68.38
149,07-07-2001,West Indies,Harare Sports Club,b R D King,30,32,93.75,4717,36.85,68.5
150,20-07-2001,New Zealand,R Premadasa Stadium,c M S Sinclair b D J Nash,15,36,41.67,4732,36.68,68.36
151,22-07-2001,Sri Lanka,R Premadasa Stadium,not out,49*,81,60.49,4781,37.06,68.27
152,26-07-2001,New Zealand,R Premadasa Stadium,b J D P Oram,27,57,47.37,4808,36.98,68.1
153,28-07-2001,Sri Lanka,R Premadasa Stadium,c †R S Kaluwitharana b W P U J C Vaas,43,79,54.43,4851,37.03,67.95
154,01-08-2001,Sri Lanka,Sinhalese Sports Club Ground,st R S Kaluwitharana b S T Jayasuriya,47,88,53.41,4898,37.11,67.77
155,02-08-2001,New Zealand,Sinhalese Sports Club Ground,not out,57*,56,101.79,4955,37.54,68.04
156,05-08-2001,Sri Lanka,R Premadasa Stadium,b C R D Fernando,21,36,58.33,4976,37.41,67.99
157,05-10-2001,South Africa,Wanderers Stadium,c N D McKenzie b A Nel,1,7,14.29,4977,37.14,67.94
158,10-10-2001,South Africa,SuperSport Park,c L Klusener b S M Pollock,54,79,68.35,5031,37.27,67.94
159,12-10-2001,Kenya,Mangaung Oval,did not bat,-,-,-,5031,37.27,67.94
160,17-10-2001,Kenya,St George's Park,c †D O Obuya b A O Suji,11,23,47.83,5042,37.07,67.88
161,19-10-2001,South Africa,Buffalo Park,not out,71*,87,81.61,5113,37.6,68.04
162,24-10-2001,Kenya,Boland Park,did not bat,-,-,-,5113,37.6,68.04
163,26-10-2001,South Africa,Kingsmead,c S M Pollock b J M Kemp,77,102,75.49,5190,37.88,68.14
164,07-03-2002,Zimbabwe,Nahar Singh Stadium,lbw b G W Flower,23,34,67.65,5213,37.78,68.13
165,10-03-2002,Zimbabwe,Punjab Cricket Association IS Bindra Stadium,not out,66*,59,111.86,5279,38.25,68.47
166,13-03-2002,Zimbabwe,Nehru Stadium (Kochi),c C B Wishart b M Mbangwa,6,11,54.55,5285,38.02,68.45
167,16-03-2002,Zimbabwe,Lal Bahadur Shastri Stadium,b G W Flower,32,56,57.14,5317,37.98,68.37
168,19-03-2002,Zimbabwe,Nehru Stadium (Guwahati),b D T Hondo,26,33,78.79,5343,37.89,68.41
169,29-05-2002,West Indies,Kensington Oval,not out,9*,16,56.25,5352,37.96,68.39
170,01-06-2002,West Indies,Queen's Park Oval,b C L Hooper,28,36,77.78,5380,37.89,68.43
171,02-06-2002,West Indies,Queen's Park Oval,c R R Sarwan b C L Hooper,20,34,58.82,5400,37.76,68.39
172,29-06-2002,England,Lord's,not out,73*,86,84.88,5473,38.27,68.57
173,30-06-2002,Sri Lanka,Kennington Oval,b U D U Chandana,8,26,30.77,5481,38.06,68.44
174,04-07-2002,England,Riverside Ground,c A Flintoff b P D Collingwood,82,117,70.09,5563,38.37,68.47
175,06-07-2002,Sri Lanka,Edgbaston,run out,64,95,67.37,5627,38.54,68.45
176,11-07-2002,Sri Lanka,County Ground (Bristol),lbw b U D U Chandana,13,16,81.25,5640,38.37,68.48
177,13-07-2002,England,Lord's,c N V Knight b R C Irani,5,12,41.67,5645,38.14,68.44
178,14-09-2002,Zimbabwe,R Premadasa Stadium,run out,71,81,87.65,5716,38.36,68.63
179,22-09-2002,England,R Premadasa Stadium,did not bat,-,-,-,5716,38.36,68.63
180,25-09-2002,South Africa,R Premadasa Stadium,lbw b L Klusener,49,67,73.13,5765,38.43,68.66
181,29-09-2002,Sri Lanka,R Premadasa Stadium,did not bat,-,-,-,5765,38.43,68.66
182,30-09-2002,Sri Lanka,R Premadasa Stadium,did not bat,-,-,-,5765,38.43,68.66
183,06-11-2002,West Indies,Keenan Stadium,not out,46*,42,109.52,5811,38.74,68.87
184,09-11-2002,West Indies,Vidarbha Cricket Association Ground,run out,51,42,121.43,5862,38.82,69.13
185,12-11-2002,West Indies,Madhavrao Scindia Cricket Ground,did not bat,-,-,-,5862,38.82,69.13
186,15-11-2002,West Indies,Sardar Patel Stadium,not out,109*,124,87.9,5971,39.54,69.4
187,18-11-2002,West Indies,Reliance Stadium,c C H Gayle b M N Samuels,33,36,91.67,6004,39.5,69.49
188,21-11-2002,West Indies,Barkatullah Khan Stadium,c R L Powell b V C Drakes,58,82,70.73,6062,39.62,69.5
189,24-11-2002,West Indies,Indira Gandhi Stadium,c R R Sarwan b J J C Lawson,3,8,37.5,6065,39.38,69.47
190,26-12-2002,New Zealand,Eden Park,c D L Vettori b D R Tuffey,20,51,39.22,6085,39.26,69.3
191,29-12-2002,New Zealand,McLean Park,run out,18,27,66.67,6103,39.12,69.29
192,01-01-2003,New Zealand,AMI Stadium,c D L Vettori b P A Hitchcock,20,59,33.9,6123,39,69.05
193,04-01-2003,New Zealand,Queenstown Events Centre,b A R Adams,18,52,34.62,6141,38.87,68.85
194,08-01-2003,New Zealand,Westpac Stadium,c †B B McCullum b S B Styris,7,41,17.07,6148,38.67,68.62
195,11-01-2003,New Zealand,Eden Park,lbw b S B Styris,21,50,42,6169,38.56,68.47
196,14-01-2003,New Zealand,Seddon Park,c S B Styris b K D Mills,12,26,46.15,6181,38.39,68.4
197,12-02-2003,Netherlands,Boland Park,b T B M de Leede,17,38,44.74,6198,38.26,68.31
198,15-02-2003,Australia,SuperSport Park,b J N Gillespie,1,23,4.35,6199,38.03,68.14
199,19-02-2003,Zimbabwe,Harare Sports Club,not out,43*,55,78.18,6242,38.29,68.2
200,23-02-2003,Namibia,City Oval,did not bat,-,-,-,6242,38.29,68.2
201,26-02-2003,England,Kingsmead,c P D Collingwood b A R Caddick,62,72,86.11,6304,38.44,68.34
202,01-03-2003,Pakistan,SuperSport Park,not out,44*,76,57.89,6348,38.71,68.26
203,07-03-2003,Kenya,Newlands,c & b C O Obuya,32,73,43.84,6380,38.67,68.07
204,10-03-2003,Sri Lanka,Wanderers Stadium,not out,18*,12,150,6398,38.78,68.17
205,14-03-2003,New Zealand,SuperSport Park,not out,53*,89,59.55,6451,39.1,68.09
206,20-03-2003,Kenya,Kingsmead,not out,1*,1,100,6452,39.1,68.09
207,23-03-2003,Australia,Wanderers Stadium,b A J Bichel,47,57,82.46,6499,39.15,68.18
208,23-10-2003,New Zealand,MA Chidambaram Stadium,c S B Styris b D L Vettori,4,6,66.67,6503,38.94,68.18
209,26-10-2003,Australia,Captain Roop Singh Stadium,did not bat,-,-,-,6503,38.94,68.18
210,01-11-2003,Australia,Wankhede Stadium,c A J Bichel b M J Clarke,59,70,84.29,6562,39.06,68.3
211,06-11-2003,New Zealand,Barabati Stadium,c S B Styris b D L Vettori,31,41,75.61,6593,39.01,68.33
212,12-11-2003,Australia,M Chinnaswamy Stadium,c & b M S Kasprowicz,34,33,103.03,6627,38.98,68.45
213,15-11-2003,New Zealand,Lal Bahadur Shastri Stadium,not out,50*,22,227.27,6677,39.28,68.81
214,18-11-2003,Australia,Eden Gardens,b M J Clarke,49,69,71.01,6726,39.33,68.82
215,09-01-2004,Australia,Melbourne Cricket Ground,c I J Harvey b M J Clarke,16,19,84.21,6742,39.2,68.85
216,14-01-2004,Zimbabwe,Bellerive Oval,did not bat,-,-,-,6742,39.2,68.85
217,18-01-2004,Australia,Brisbane Cricket Ground,c B A Williams b I J Harvey,74,64,115.63,6816,39.4,69.16
218,20-01-2004,Zimbabwe,Brisbane Cricket Ground,c H H Streak b S M Ervine,84,106,79.25,6900,39.66,69.26
219,22-01-2004,Australia,Sydney Cricket Ground,c †A C Gilchrist b A J Bichel,12,7,171.43,6912,39.5,69.33
220,24-01-2004,Zimbabwe,Adelaide Oval,c A M Blignaut b R W Price,56,72,77.78,6968,39.59,69.4
221,01-02-2004,Australia,WACA Ground,c M E K Hussey b B A Williams,13,38,34.21,6981,39.44,69.26
222,03-02-2004,Zimbabwe,WACA Ground,b A M Blignaut,10,24,41.67,6991,39.28,69.2
223,06-02-2004,Australia,Melbourne Cricket Ground,c M L Hayden b I J Harvey,12,29,41.38,7003,39.12,69.12
224,08-02-2004,Australia,Sydney Cricket Ground,run out,0,11,0,7003,38.91,69.04
225,13-03-2004,Pakistan,National Stadium,b Shoaib Akhtar,99,104,95.19,7102,39.24,69.31
226,16-03-2004,Pakistan,Rawalpindi Cricket Stadium,b Mohammad Sami,36,45,80,7138,39.22,69.35
227,19-03-2004,Pakistan,Arbab Niaz Stadium,c †Moin Khan b Shoaib Malik,33,86,38.37,7171,39.19,69.1
228,21-03-2004,Pakistan,Gaddafi Stadium,not out,76*,92,82.61,7247,39.6,69.22
229,24-03-2004,Pakistan,Gaddafi Stadium,b Mohammad Sami,4,10,40,7251,39.41,69.19
230,16-07-2004,United Arab Emirates,Rangiri Dambulla International Stadium,b Rizwan Latif,104,93,111.83,7355,39.76,69.56
231,18-07-2004,Sri Lanka,Rangiri Dambulla International Stadium,b M Muralitharan,82,100,82,7437,39.98,69.68
232,21-07-2004,Bangladesh,Sinhalese Sports Club Ground,did not bat,-,-,-,7437,39.98,69.68
233,24-07-2004,Pakistan,R Premadasa Stadium,lbw b Abdul Razzaq,5,9,55.56,7442,39.8,69.67
234,27-07-2004,Sri Lanka,R Premadasa Stadium,c †K C Sangakkara b M F Maharoof,1,7,14.29,7443,39.59,69.63
235,01-08-2004,Sri Lanka,R Premadasa Stadium,c T M Dilshan b U D U Chandana,16,28,57.14,7459,39.47,69.6
236,21-08-2004,Pakistan,VRA Ground,run out,0,1,0,7459,39.26,69.59
237,23-08-2004,Australia,VRA Ground,did not bat,-,-,-,7459,39.26,69.59
238,01-09-2004,England,Trent Bridge,c D Gough b A G Wharf,13,16,81.25,7472,39.12,69.61
239,03-09-2004,England,Kennington Oval,c †G O Jones b A G Wharf,1,8,12.5,7473,38.92,69.57
240,05-09-2004,England,Lord's,c P D Collingwood b S J Harmison,52,92,56.52,7525,38.99,69.46
241,11-09-2004,Kenya,The Rose Bowl,not out,30*,16,187.5,7555,39.15,69.63
242,19-09-2004,Pakistan,Edgbaston,c & b Naved-ul-Hasan,67,108,62.04,7622,39.29,69.56
243,13-11-2004,Pakistan,Eden Gardens,c Shahid Afridi b Abdul Razzaq,16,34,47.06,7638,39.17,69.49
244,23-12-2004,Bangladesh,MA Aziz Stadium,c †Khaled Mashud b Khaled Mahmud,53,80,66.25,7691,39.24,69.46
245,27-12-2004,Bangladesh,Bangabandhu National Stadium,c Mashrafe Mortaza b Mohammad Rafique,60,68,88.24,7751,39.35,69.58
246,10-01-2005,ICC World XI,Melbourne Cricket Ground,not out,75*,71,105.63,7826,39.73,69.81
247,02-04-2005,Pakistan,Nehru Stadium (Kochi),run out,104,139,74.82,7930,40.05,69.87
248,05-04-2005,Pakistan,Dr YS Rajasekhara Reddy Cricket Stadium,c Shahid Afridi b Naved-ul-Hasan,52,59,88.14,7982,40.11,69.96
249,09-04-2005,Pakistan,Keenan Stadium,c Younis Khan b Mohammad Sami,28,30,93.33,8010,40.05,70.02
250,12-04-2005,Pakistan,Sardar Patel Stadium,c Naved-ul-Hasan b Shoaib Malik,19,13,146.15,8029,39.95,70.11
251,15-04-2005,Pakistan,Green Park,run out,86,115,74.78,8115,40.17,70.16
252,17-04-2005,Pakistan,Feroz Shah Kotla,run out,19,29,65.52,8134,40.07,70.14
253,30-07-2005,Sri Lanka,Rangiri Dambulla International Stadium,b U D U Chandana,54,96,56.25,8188,40.14,70.03
254,31-07-2005,West Indies,Rangiri Dambulla International Stadium,not out,52*,65,80,8240,40.39,70.09
255,03-08-2005,Sri Lanka,Rangiri Dambulla International Stadium,lbw b T M Dilshan,0,1,0,8240,40.2,70.08
256,07-08-2005,West Indies,R Premadasa Stadium,b O A C Banks,10,26,38.46,8250,40.05,70.01
257,09-08-2005,Sri Lanka,R Premadasa Stadium,run out,69,99,69.7,8319,40.19,70.01
258,26-08-2005,New Zealand,Queens Sports Club,b S E Bond,5,9,55.56,8324,40.02,70
259,29-08-2005,Zimbabwe,Harare Sports Club,b P Utseya,14,30,46.67,8338,39.89,69.94
260,02-09-2005,New Zealand,Harare Sports Club,b S B Styris,39,61,63.93,8377,39.89,69.91
261,04-09-2005,Zimbabwe,Harare Sports Club,b N B Mahwire,6,11,54.55,8383,39.73,69.89
262,06-09-2005,New Zealand,Harare Sports Club,lbw b D L Vettori,0,2,0,8383,39.54,69.88
263,05-10-2005,Australia,Etihad Stadium,c R T Ponting b B Lee,4,14,28.57,8387,39.38,69.83
264,07-10-2005,Australia,Etihad Stadium,b A Symonds,26,35,74.29,8413,39.31,69.85
265,09-10-2005,Australia,Etihad Stadium,c D R Martyn b B Lee,16,38,42.11,8429,39.2,69.76
266,25-10-2005,Sri Lanka,Vidarbha Cricket Association Ground,not out,85*,63,134.92,8514,39.6,70.1
267,28-10-2005,Sri Lanka,Punjab Cricket Association IS Bindra Stadium,not out,2*,5,40,8516,39.61,70.08
268,31-10-2005,Sri Lanka,Sawai Mansingh Stadium,c & b M Muralitharan,28,34,82.35,8544,39.56,70.12
269,03-11-2005,Sri Lanka,Nehru Stadium (Pune),c W P U J C Vaas b C R D Fernando,63,72,87.5,8607,39.66,70.22
270,06-11-2005,Sri Lanka,Sardar Patel Stadium,not out,103*,120,85.83,8710,40.14,70.37
271,12-11-2005,Sri Lanka,Reliance Stadium,not out,31*,48,64.58,8741,40.28,70.35
272,16-11-2005,South Africa,Rajiv Gandhi International Stadium,b A Nel,8,24,33.33,8749,40.13,70.28
273,19-11-2005,South Africa,M Chinnaswamy Stadium,c & b J L Ontong,10,17,58.82,8759,40,70.26
274,25-11-2005,South Africa,Eden Gardens,b C K Langeveldt,6,31,19.35,8765,39.84,70.14
275,28-11-2005,South Africa,Wankhede Stadium,not out,78*,106,73.58,8843,40.2,70.17
276,06-02-2006,Pakistan,Arbab Niaz Stadium,lbw b Naved-ul-Hasan,18,14,128.57,8861,40.1,70.23
277,11-02-2006,Pakistan,Rawalpindi Cricket Stadium,c & b Shoaib Malik,56,61,91.8,8917,40.17,70.33
278,13-02-2006,Pakistan,Gaddafi Stadium,run out,22,42,52.38,8939,40.09,70.28
279,16-02-2006,Pakistan,Multan Cricket Stadium,lbw b Mohammad Sami,59,72,81.94,8998,40.17,70.34
280,19-02-2006,Pakistan,National Stadium,c Shoaib Malik b Mohammad Sami,50,82,60.98,9048,40.21,70.28
281,28-03-2006,England,Feroz Shah Kotla,b L E Plunkett,34,50,68,9082,40.19,70.27
282,31-03-2006,England,Nahar Singh Stadium,run out,5,23,21.74,9087,40.03,70.19
283,03-04-2006,England,Nehru Stadium (Margao),b P D Collingwood,46,59,77.97,9133,40.06,70.22
284,06-04-2006,England,Nehru Stadium (Kochi),c M J Hoggard b A Flintoff,65,72,90.28,9198,40.17,70.33
285,15-04-2006,England,Holkar Cricket Stadium,lbw b S I Mahmood,69,79,87.34,9267,40.29,70.43
286,18-04-2006,Pakistan,Sheikh Zayed Stadium,run out,20,29,68.97,9287,40.2,70.43
287,19-04-2006,Pakistan,Sheikh Zayed Stadium,b Mohammad Asif,92,116,79.31,9379,40.43,70.51
288,18-05-2006,West Indies,Sabina Park,c J E Taylor b D J J Bravo,105,102,102.94,9484,40.7,70.75
289,20-05-2006,West Indies,Sabina Park,c †C S Baugh b I D R Bradshaw,11,22,50,9495,40.58,70.72
290,23-05-2006,West Indies,Warner Park,lbw b I D R Bradshaw,0,4,0,9495,40.4,70.7
291,26-05-2006,West Indies,Queen's Park Oval,c R R Sarwan b C D Collymore,15,38,39.47,9510,40.3,70.61
292,28-05-2006,West Indies,Queen's Park Oval,run out,18,25,72,9528,40.2,70.61
293,18-08-2006,Sri Lanka,Sinhalese Sports Club Ground,not out,9*,19,47.37,9537,40.24,70.58
294,14-09-2006,West Indies,Kinrara Academy Oval,lbw b D R Smith,26,38,68.42,9563,40.18,70.58
295,16-09-2006,Australia,Kinrara Academy Oval,c D R Martyn b M G Johnson,6,22,27.27,9569,40.04,70.51
296,20-09-2006,West Indies,Kinrara Academy Oval,c †C S Baugh b D R Smith,0,3,0,9569,39.87,70.49
297,22-09-2006,Australia,Kinrara Academy Oval,lbw b S R Clark,7,21,33.33,9576,39.73,70.43
298,15-10-2006,England,Sawai Mansingh Stadium,c A J Strauss b J M Anderson,4,3,133.33,9580,39.59,70.45
299,26-10-2006,West Indies,Sardar Patel Stadium,run out,49,67,73.13,9629,39.63,70.46
300,29-10-2006,Australia,Punjab Cricket Association IS Bindra Stadium,c M J Clarke b B Lee,52,63,82.54,9681,39.68,70.51
301,22-11-2006,South Africa,Kingsmead,b C K Langeveldt,18,25,72,9699,39.59,70.52
302,26-11-2006,South Africa,Newlands,c A J Hall b S M Pollock,63,103,61.17,9762,39.68,70.45
303,21-01-2007,West Indies,Vidarbha Cricket Association Ground,not out,54*,35,154.29,9816,39.9,70.66
304,24-01-2007,West Indies,Barabati Stadium,b D B Powell,22,34,64.71,9838,39.83,70.64
305,27-01-2007,West Indies,MA Chidambaram Stadium,c R R Emrit b C H Gayle,57,67,85.07,9895,39.9,70.71
306,31-01-2007,West Indies,Reliance Stadium,c L M P Simmons b M N Samuels,78,109,71.56,9973,40.05,70.72
307,08-02-2007,Sri Lanka,Eden Gardens,did not bat,-,-,-,9973,40.05,70.72
308,11-02-2007,Sri Lanka,Madhavrao Scindia Cricket Ground,b M F Maharoof,5,9,55.56,9978,39.91,70.71
309,14-02-2007,Sri Lanka,Nehru Stadium (Margao),run out,66,82,80.49,10044,40.02,70.77
310,17-02-2007,Sri Lanka,Dr YS Rajasekhara Reddy Cricket Stadium,did not bat,-,-,-,10044,40.02,70.77
311,17-03-2007,Bangladesh,Queen's Park Oval,lbw b Mohammad Rafique,14,28,50,10058,39.91,70.73
312,19-03-2007,Bermuda,Queen's Park Oval,not out,7*,2,350,10065,39.94,70.77
313,23-03-2007,Sri Lanka,Queen's Park Oval,c M Muralitharan b S T Jayasuriya,60,82,73.17,10125,40.02,70.78
314,10-05-2007,Bangladesh,Shere Bangla National Stadium,c Abdur Razzak b Shakib Al Hasan,22,39,56.41,10147,39.95,70.74
315,12-05-2007,Bangladesh,Shere Bangla National Stadium,not out,42*,47,89.36,10189,40.11,70.8
316,23-06-2007,Ireland,Civil Service Cricket Club,did not bat,-,-,-,10189,40.11,70.8
317,26-06-2007,South Africa,Civil Service Cricket Club,b A Nel,74,93,79.57,10263,40.25,70.86
318,29-06-2007,South Africa,Civil Service Cricket Club,c & b C K Langeveldt,2,10,20,10265,40.1,70.82
319,01-07-2007,South Africa,Civil Service Cricket Club,run out,36,49,73.47,10301,40.08,70.83
320,16-08-2007,Scotland,Titwood,not out,10*,8,125,10311,40.12,70.86
321,21-08-2007,England,The Rose Bowl,c †M J Prior b A D Mascarenhas,46,72,63.89,10357,40.14,70.83
322,24-08-2007,England,County Ground (Bristol),not out,92*,63,146.03,10449,40.5,71.15
323,27-08-2007,England,Edgbaston,b C T Tremlett,56,61,91.8,10505,40.56,71.23
324,30-08-2007,England,Old Trafford,c †M J Prior b A Flintoff,1,8,12.5,10506,40.41,71.2
325,02-09-2007,England,Headingley,run out,24,17,141.18,10530,40.34,71.28
326,05-09-2007,England,Kennington Oval,c P D Collingwood b O A Shah,4,5,80,10534,40.21,71.29
327,08-09-2007,England,Lord's,c †M J Prior b A Flintoff,0,3,0,10534,40.05,71.27
328,29-09-2007,Australia,M Chinnaswamy Stadium,did not bat,-,-,-,10534,40.05,71.27
329,02-10-2007,Australia,Nehru Stadium (Kochi),c M G Johnson b G B Hogg,31,48,64.58,10565,40.02,71.25
330,05-10-2007,Australia,Rajiv Gandhi International Stadium,c M L Hayden b B Lee,0,4,0,10565,39.87,71.23
331,08-10-2007,Australia,Sector 16 Stadium,b N W Bracken,13,14,92.86,10578,39.77,71.25
332,11-10-2007,Australia,Reliance Stadium,lbw b B Lee,0,1,0,10578,39.62,71.25
333,14-10-2007,Australia,Vidarbha Cricket Association Ground,c B J Hodge b G B Hogg,7,13,53.85,10585,39.5,71.23
334,11-09-2009,New Zealand,R Premadasa Stadium,lbw b J D P Oram,14,45,31.11,10599,39.4,71.11
335,12-09-2009,Sri Lanka,R Premadasa Stadium,b A D Mathews,47,56,83.93,10646,39.43,71.16
336,14-09-2009,Sri Lanka,R Premadasa Stadium,c T M Dilshan b S T Jayasuriya,39,56,69.64,10685,39.43,71.15
337,26-09-2009,Pakistan,SuperSport Park,run out,76,103,73.79,10761,39.56,71.17
338,28-09-2009,Australia,SuperSport Park,did not bat,-,-,-,10761,39.56,71.17
339,30-09-2009,West Indies,Wanderers Stadium,run out,4,2,200,10765,39.43,71.19
340,03-09-2011,England,Riverside Ground,c †C Kieswetter b S C J Broad,2,6,33.33,10767,39.3,71.17
341,06-09-2011,England,The Rose Bowl,c J M Anderson b G P Swann,32,31,103.23,10799,39.27,71.24
342,09-09-2011,England,Kennington Oval,run out,2,11,18.18,10801,39.13,71.2
343,11-09-2011,England,Lord's,c & b G P Swann,19,33,57.58,10820,39.06,71.17
344,16-09-2011,England,Sophia Gardens,b G P Swann,69,79,87.34,10889,39.17,71.25
